Bitrate,width,height,spatial_info,temporal_info,fps,entropy,Name,Label,Prediction
10.764114285714284,1280,720,85.91786329612034,51.18772209825132,24.0,5.801083,sita_sings_the_blues_720p24-Scene-0133,3.0,3.0
252.27390735694823,1920,1080,73.89459357367508,115.44278771361232,30.0,7.22809,factory_1080p30-Scene-009,14.0,16.0
45.64175446428572,1280,720,22.54522002574689,107.27904735973068,24.0,6.8453484,big_buck_bunny_720p24-Scene-029,18.0,27.0
11.481733425414363,1280,720,129.08284013893473,81.4772054590842,24.0,3.676852,sita_sings_the_blues_720p24-Scene-0176,3.0,3.0
33.38003478735378,1280,720,35.502501493368065,105.67798729605822,24.0,3.8482449054718018,elephants_dream_720p24-Scene-040,2.0,2.0
11.78763404,1280,720,105.8777772,78.37254871,24.0,7.052202225,sita_sings_the_blues_720p24-Scene-0279,4.0,3.0
3.2777274472168907,1280,720,2.008803992987441,108.02018938608832,24.0,0.18845198,big_buck_bunny_720p24-Scene-124,2.0,1.0
465.2226125917343,1920,1080,87.85615870613353,121.06561693459328,60.0,6.557883,DOTA2-Scene-001,16.0,12.0
12.1821504,1280,720,85.99439033,85.22963466,24.0,5.335062981,sita_sings_the_blues_720p24-Scene-1295,2.0,3.0
12.53028875,1280,720,123.5486207,105.2679386,24.0,7.141726017,sita_sings_the_blues_720p24-Scene-0270,2.0,3.0
38.85438261,1280,720,91.68811955,102.9385634,24.0,6.841709137,sita_sings_the_blues_720p24-Scene-0630,4.0,9.0
24.11828394,1280,720,85.99104429,96.45196095,24.0,4.350417614,sita_sings_the_blues_720p24-Scene-0710,7.0,4.0
25.05077058,1280,720,94.66385463,109.1341704,24.0,5.889003754,sita_sings_the_blues_720p24-Scene-0223,2.0,4.0
87.50656164383562,1280,720,277.9797034482567,102.00166570968022,24.0,5.322328,big_buck_bunny_720p24-Scene-142,42.0,42.0
18.10302633,1280,720,107.8006561,103.2307389,24.0,6.188773632,sita_sings_the_blues_720p24-Scene-0271,4.0,6.0
51.63627636,1280,720,55.51657413,108.3858348,24.0,4.813779354,sita_sings_the_blues_720p24-Scene-0855,4.0,10.0
13.999328,1280,720,95.02653323,97.38651368,24.0,6.974969864,sita_sings_the_blues_720p24-Scene-0316,2.0,3.0
48.55715689,1280,720,95.13764145,92.21796682,24.0,6.343306541,sita_sings_the_blues_720p24-Scene-0602,3.0,3.0
8.83474436,1280,720,136.6963257,120.1736968,24.0,4.163586617,sita_sings_the_blues_720p24-Scene-1120,2.0,3.0
10.09080732,1280,720,108.1797246,86.21186075,24.0,7.568934917,sita_sings_the_blues_720p24-Scene-1108,2.0,2.0
82.77824159,1280,720,122.9061726,99.09509934,24.0,6.9383111,sita_sings_the_blues_720p24-Scene-0898,18.0,8.0
318.8734532990574,1920,1080,30.13845387577265,115.42868235900826,30.0,7.3396783,speed_bag_1080p-Scene-002,4.0,53.0
24.77115446,1280,720,177.4731361,125.1891141,24.0,4.790412426,sita_sings_the_blues_720p24-Scene-0823,4.0,3.0
10.764604444444446,1280,720,83.19534147541488,54.1814724224975,24.0,5.649857,sita_sings_the_blues_720p24-Scene-0127,3.0,3.0
68.37568367691787,1280,720,42.21321163183089,121.52855592259498,24.0,7.4056664,big_buck_bunny_720p24-Scene-082,52.0,3.0
93.66012176,1280,720,115.1260266,117.7540286,24.0,6.821046829,sita_sings_the_blues_720p24-Scene-0761,6.0,6.0
87.37517808219178,1280,720,112.7978005123646,106.17763600151272,24.0,6.6954126,sita_sings_the_blues_720p24-Scene-0098,5.0,14.0
1.77159771,1280,720,70.66242376,118.4656841,24.0,5.876905918,sita_sings_the_blues_720p24-Scene-1291,1.0,1.0
57.58374033,1280,720,99.4975003,111.4025606,24.0,6.593158245,sita_sings_the_blues_720p24-Scene-0818,4.0,14.0
16.702050818746468,1280,720,125.8889694200636,83.44346430934853,24.0,5.683852,sita_sings_the_blues_720p24-Scene-0140,5.0,4.0
30.03034584615385,1280,720,32.80451637111603,93.4348272085396,24.0,5.991477012634277,elephants_dream_720p24-Scene-023,2.0,2.0
9.066169782,1280,720,157.4545199,89.72538436,24.0,6.885192394,sita_sings_the_blues_720p24-Scene-0446,2.0,2.0
47.13490133333333,1280,720,51.94825727706143,105.39156353305908,24.0,7.2983756,big_buck_bunny_720p24-Scene-085,55.0,60.0
136.1557395,1280,720,102.3230967,106.1665027,24.0,6.814296246,sita_sings_the_blues_720p24-Scene-0473,4.0,4.0
159.1736864,1280,720,118.163968,104.8517675,24.0,7.231770039,sita_sings_the_blues_720p24-Scene-0585,8.0,8.0
80.75985458647874,1280,720,49.30886025178399,123.21153752438414,24.0,7.056896209716797,elephants_dream_720p24-Scene-110,5.0,3.0
38.38137082,1280,720,102.9143771,121.8432567,24.0,5.860578537,sita_sings_the_blues_720p24-Scene-0788,3.0,4.0
4.180771377,1280,720,123.4858134,12.5727303,24.0,4.178760052,sita_sings_the_blues_720p24-Scene-0780,2.0,3.0
7.875194417,1280,720,96.09528899,100.0039003,24.0,6.852250099,sita_sings_the_blues_720p24-Scene-0300,2.0,2.0
23.82141654,1280,720,77.90983236,115.9979375,24.0,4.337024212,sita_sings_the_blues_720p24-Scene-1105,3.0,3.0
50.68324669,1280,720,124.5297081,109.7585096,24.0,6.062417507,sita_sings_the_blues_720p24-Scene-0249,5.0,3.0
84.28452359,1280,720,115.9761313,98.14621606,24.0,6.752874851,sita_sings_the_blues_720p24-Scene-0541,5.0,8.0
42.86708278,1280,720,69.36976758,102.1105742,24.0,6.226352215,sita_sings_the_blues_720p24-Scene-0666,3.0,29.0
21.65347192779913,1280,720,35.44631997631756,89.9987097126903,24.0,6.459542274475098,elephants_dream_720p24-Scene-012,2.0,2.0
762.2301552238805,1920,1080,102.21855682642352,115.487947731843,50.0,7.580024,crowd_run_1080p50-Scene-003,36.0,49.0
45.98211999,1280,720,108.4684797,108.1973396,24.0,6.964882851,sita_sings_the_blues_720p24-Scene-1049,9.0,9.0
9.837690548,1280,720,93.74440781,75.23262843,24.0,4.319411755,sita_sings_the_blues_720p24-Scene-0726,3.0,3.0
7.789025089,1280,720,126.6363409,89.61390228,24.0,4.381097794,sita_sings_the_blues_720p24-Scene-0555,2.0,2.0
35.72665173,1280,720,164.5990105,85.39181521,24.0,5.790204525,sita_sings_the_blues_720p24-Scene-0387,4.0,9.0
26.49351289170964,1280,720,78.95502905511295,121.72910764388482,24.0,5.502664,sintel_trailer_2k_720p24-Scene-011,1.0,4.0
80.01220572,1280,720,89.47742002,107.0506432,24.0,6.995555401,sita_sings_the_blues_720p24-Scene-0620,8.0,6.0
3.719456,1280,720,19.808175214007264,27.0505593603514,24.0,0.42554998,big_buck_bunny_720p24-Scene-146,2.0,2.0
12.6745594,1280,720,89.91148691,112.9723196,24.0,3.205724955,sita_sings_the_blues_720p24-Scene-0717,4.0,4.0
40.27891946,1280,720,102.3230967,103.5985472,24.0,6.94123745,sita_sings_the_blues_720p24-Scene-0463,4.0,9.0
67.13504134736841,1280,720,89.36483621604226,116.87493072821168,24.0,6.193118,big_buck_bunny_720p24-Scene-001,64.0,6.0
14.88206913,1280,720,158.5408244,85.22348156,24.0,7.307176113,sita_sings_the_blues_720p24-Scene-0452,4.0,2.0
50.993718,1280,720,94.61020796,114.7137276,24.0,5.933450222,sita_sings_the_blues_720p24-Scene-1141,7.0,8.0
276.67212,1920,1080,60.48488755805364,105.07174992675336,30.0,7.064408,factory_1080p30-Scene-011,13.0,8.0
48.349896,1280,720,38.73054678972407,104.67647262718698,24.0,6.4149489402771,elephants_dream_720p24-Scene-005,2.0,2.0
47.39125942857143,1280,720,38.05635325814241,108.61145600054196,24.0,5.5874199867248535,elephants_dream_720p24-Scene-083,2.0,2.0
19.10576095985233,1280,720,108.7152972521048,71.51437098760059,24.0,5.314075,sita_sings_the_blues_720p24-Scene-0137,5.0,5.0
22.33159671,1280,720,102.719626,56.63760056,24.0,6.404437065,sita_sings_the_blues_720p24-Scene-0792,4.0,5.0
43.30734235,1280,720,103.5061807,111.3886765,24.0,6.733347893,sita_sings_the_blues_720p24-Scene-1046,9.0,8.0
41.80367052868149,1280,720,31.485295675802657,123.90279865432096,24.0,6.670446395874023,elephants_dream_720p24-Scene-034,2.0,2.0
25.492473857034604,1280,720,112.3973487928662,85.95359660543205,24.0,4.851636,sita_sings_the_blues_720p24-Scene-0003,2.0,6.0
34.38530051,1280,720,156.2294566,118.2061945,24.0,6.992734432,sita_sings_the_blues_720p24-Scene-0570,5.0,3.0
22.1276,1280,720,47.71957366140089,91.9714422211589,24.0,5.2832127,sita_sings_the_blues_720p24-Scene-0009,2.0,3.0
35.6088713,1280,720,123.7647996,122.0461792,24.0,3.791960478,sita_sings_the_blues_720p24-Scene-1218,3.0,3.0
7.332920889,1280,720,83.79846269,86.85329572,24.0,4.930036068,sita_sings_the_blues_720p24-Scene-0797,2.0,3.0
148.8764599,1280,720,124.0664708,106.2463238,24.0,7.15978384,sita_sings_the_blues_720p24-Scene-0412,7.0,7.0
14.404514909090908,1280,720,97.94887622809728,68.55392832844146,24.0,6.0949445,sita_sings_the_blues_720p24-Scene-0134,4.0,4.0
50.07038234,1280,720,98.56422845,116.846095,24.0,7.373239994,sita_sings_the_blues_720p24-Scene-0266,4.0,64.0
284.83403564496206,1920,1080,87.5792466087646,124.9805268891036,30.0,7.422569,controlled_burn_1080p-Scene-002,12.0,15.0
134.8679125,1280,720,91.47398725,104.7189752,24.0,7.234339714,sita_sings_the_blues_720p24-Scene-0575,5.0,5.0
44.246208,1280,720,110.65773820838456,89.29916525622205,24.0,4.5428643,sita_sings_the_blues_720p24-Scene-0026,3.0,4.0
57.3968896,1280,720,122.7966598,103.3065935,24.0,5.839455128,sita_sings_the_blues_720p24-Scene-1022,13.0,6.0
61.33711849830837,1280,720,84.61765118639224,124.33954333378789,24.0,7.594283103942871,elephants_dream_720p24-Scene-008,6.0,6.0
56.75123988,1280,720,91.90583906,98.60310801,24.0,6.036921978,sita_sings_the_blues_720p24-Scene-0229,5.0,7.0
100.42333572413791,1280,720,75.96168059258886,121.81788762786502,24.0,6.9175577,sita_sings_the_blues_720p24-Scene-0190,8.0,10.0
48.26804894117648,1280,720,50.28184122970425,117.10181201429656,24.0,7.0253186,big_buck_bunny_720p24-Scene-078,64.0,46.0
21.90744566,1280,720,88.09898336,99.26504585,24.0,4.591267109,sita_sings_the_blues_720p24-Scene-0838,6.0,5.0
348.0280129032258,1920,1080,42.12625665721396,117.62775442719854,30.0,6.949792,red_kayak_1080p-Scene-003,43.0,4.0
44.86215234,1280,720,83.32597,92.03436797,24.0,5.876250744,sita_sings_the_blues_720p24-Scene-0805,3.0,3.0
32.2517159,1280,720,112.1717914,111.3432139,24.0,5.764561176,sita_sings_the_blues_720p24-Scene-0230,3.0,6.0
4.245747951,1280,720,87.2753411,21.56314222,24.0,7.177582741,sita_sings_the_blues_720p24-Scene-0825,2.0,2.0
46.04353121,1280,720,94.80681305,114.7576665,24.0,7.043408871,sita_sings_the_blues_720p24-Scene-0364,7.0,64.0
85.92895714775455,1280,720,66.89671203957288,118.30306596079272,24.0,7.4852076,big_buck_bunny_720p24-Scene-019,61.0,4.0
16.26583525,1280,720,156.4424194,85.25180893,24.0,3.129863024,sita_sings_the_blues_720p24-Scene-0734,3.0,4.0
13.25824534,1280,720,138.1671983,126.8655907,24.0,4.20146656,sita_sings_the_blues_720p24-Scene-0569,3.0,2.0
55.40469786417086,1280,720,49.216678051321566,110.04173113371488,24.0,7.1487966,big_buck_bunny_720p24-Scene-065,64.0,62.0
40.65521164,1280,720,104.2099953,107.9025278,24.0,6.37239027,sita_sings_the_blues_720p24-Scene-1188,4.0,4.0
11.9482656,1280,720,94.39536871,106.0861555,24.0,6.735040665,sita_sings_the_blues_720p24-Scene-0461,2.0,3.0
66.33570965806838,1280,720,23.54640200606972,125.38918239914472,24.0,7.340445,big_buck_bunny_720p24-Scene-071,33.0,36.0
48.59522931,1280,720,89.88098922,111.7952863,24.0,6.34792757,sita_sings_the_blues_720p24-Scene-0637,4.0,4.0
57.73831384615385,1280,720,31.376845910556,123.53872891860176,24.0,6.795560359954834,elephants_dream_720p24-Scene-118,3.0,33.0
11.83079945,1280,720,120.8760996,126.9967999,24.0,4.264041424,sita_sings_the_blues_720p24-Scene-0731,2.0,1.0
105.167297,1280,720,81.12483419,116.8819147,24.0,7.340637207,sita_sings_the_blues_720p24-Scene-0752,3.0,6.0
62.506294,1280,720,77.24179986,108.3081594,24.0,7.329826355,sita_sings_the_blues_720p24-Scene-1064,14.0,13.0
47.91188566,1280,720,118.256704,105.9832256,24.0,6.796234131,sita_sings_the_blues_720p24-Scene-1051,9.0,8.0
44.51211229,1280,720,97.31051707,94.34825147,24.0,4.107232094,sita_sings_the_blues_720p24-Scene-0502,3.0,3.0
10.04093374,1280,720,60.19222705,55.85910972,24.0,2.101662159,sita_sings_the_blues_720p24-Scene-0964,3.0,3.0
33.771822711408866,1280,720,36.15074882874531,116.46187862283456,24.0,5.346260070800781,elephants_dream_720p24-Scene-043,1.0,2.0
25.95251769,1280,720,100.1739834,93.67867991,24.0,6.26396656,sita_sings_the_blues_720p24-Scene-0690,3.0,4.0
7.048667048,1280,720,130.8698304,58.07218351,24.0,5.42982769,sita_sings_the_blues_720p24-Scene-0554,2.0,2.0
62.76882673,1280,720,111.6344146,99.96495155,24.0,4.650681973,sita_sings_the_blues_720p24-Scene-0505,4.0,10.0
55.569843655644405,1280,720,40.10870628867903,108.36069331722004,24.0,5.069979667663574,elephants_dream_720p24-Scene-017,4.0,12.0
64.642624,1280,720,120.6021045,100.0135722,24.0,5.870392799,sita_sings_the_blues_720p24-Scene-1013,15.0,12.0
7.677092775,1280,720,107.5662337,104.241307,24.0,4.526378632,sita_sings_the_blues_720p24-Scene-0499,2.0,2.0
57.6960604,1280,720,114.1434052,89.71591048,24.0,6.259120464,sita_sings_the_blues_720p24-Scene-0232,5.0,5.0
21.80795034,1280,720,70.90751681,118.3524333,24.0,4.601405621,sita_sings_the_blues_720p24-Scene-0718,6.0,3.0
10.69940267,1280,720,90.79918978,40.05715937,24.0,5.245227814,sita_sings_the_blues_720p24-Scene-0793,2.0,3.0
11.86119774,1280,720,101.4630352,55.96959665,24.0,6.391420364,sita_sings_the_blues_720p24-Scene-1303,4.0,3.0
100.8307968,1280,720,83.00977591059619,104.7667010087254,24.0,3.9495437,sita_sings_the_blues_720p24-Scene-0044,12.0,11.0
55.34206997618612,1280,720,44.31889789510035,111.54249505511709,24.0,7.2009764,big_buck_bunny_720p24-Scene-034,64.0,43.0
66.20429964,1280,720,104.0470579,125.3657561,24.0,7.190321922,sita_sings_the_blues_720p24-Scene-0336,7.0,8.0
31.62173804897008,1280,720,122.52625664257336,121.71138137892972,24.0,3.2491639,sita_sings_the_blues_720p24-Scene-0096,3.0,3.0
27.28280495,1280,720,98.90334539,97.31920442,24.0,5.893296719,sita_sings_the_blues_720p24-Scene-0800,4.0,4.0
62.41261643835616,1280,720,115.076149264712,101.8457377759678,24.0,5.8576074,sita_sings_the_blues_720p24-Scene-0092,3.0,15.0
54.0478526,1280,720,108.7202015,102.1694193,24.0,5.30141449,sita_sings_the_blues_720p24-Scene-1011,12.0,13.0
67.54438400000001,1280,720,75.13505333629972,98.67040541277169,24.0,2.8440578,sita_sings_the_blues_720p24-Scene-0045,12.0,6.0
68.5948784,1280,720,100.1897836,120.0929699,24.0,6.554845333,sita_sings_the_blues_720p24-Scene-0472,6.0,35.0
55.65002494,1280,720,88.42561143,103.7322757,24.0,4.068757057,sita_sings_the_blues_720p24-Scene-0534,5.0,13.0
46.76136229,1280,720,96.70052773,101.1187087,24.0,5.821216583,sita_sings_the_blues_720p24-Scene-0244,3.0,3.0
96.0745509,1280,720,102.9903495,93.64531197,24.0,6.72518158,sita_sings_the_blues_720p24-Scene-0915,19.0,20.0
13.71368722,1280,720,59.4714851,121.1137178,24.0,2.182471275,sita_sings_the_blues_720p24-Scene-0722,2.0,3.0
42.1152384,1280,720,78.79600232,106.5748984,24.0,6.347937584,sita_sings_the_blues_720p24-Scene-1037,9.0,8.0
12.43232791,1280,720,117.0881942,70.92494533,24.0,5.02073431,sita_sings_the_blues_720p24-Scene-0390,3.0,2.0
27.34294423,1280,720,92.77277613,102.607763,24.0,5.99754858,sita_sings_the_blues_720p24-Scene-0598,2.0,4.0
57.74794157,1280,720,119.1075543,102.6832421,24.0,5.705397606,sita_sings_the_blues_720p24-Scene-1016,13.0,13.0
34.0387661,1280,720,172.8098639,98.82289677,24.0,5.346410275,sita_sings_the_blues_720p24-Scene-0260,5.0,5.0
16.71732736,1280,720,107.4613797,49.56058321,24.0,5.569140911,sita_sings_the_blues_720p24-Scene-0786,3.0,6.0
39.10234463,1280,720,96.38679352,94.06590764,24.0,3.664699078,sita_sings_the_blues_720p24-Scene-0935,9.0,9.0
9.407727943,1280,720,121.5870742,112.4028027,24.0,7.050056934,sita_sings_the_blues_720p24-Scene-0739,2.0,3.0
52.63028282828283,1280,720,106.8077332804762,97.8726577477554,24.0,2.7009509,sita_sings_the_blues_720p24-Scene-0037,5.0,13.0
16.463496525117236,1280,720,11.055780015430182,104.61616185302545,24.0,5.274813175201416,elephants_dream_720p24-Scene-032,2.0,2.0
3.067409067,1280,720,68.75899456,12.34390888,24.0,7.271164894,sita_sings_the_blues_720p24-Scene-1109,1.0,1.0
133.0352029,1280,720,82.31625954,108.6358677,24.0,7.222522259,sita_sings_the_blues_720p24-Scene-0375,6.0,6.0
65.46364426,1280,720,111.754831,95.60208838,24.0,6.140786171,sita_sings_the_blues_720p24-Scene-0698,5.0,4.0
79.85528677,1280,720,89.10379955,107.0506432,24.0,6.980120659,sita_sings_the_blues_720p24-Scene-0617,8.0,7.0
30.96756937,1280,720,107.6718222,109.8390923,24.0,5.946234226,sita_sings_the_blues_720p24-Scene-1131,2.0,6.0
72.78006902,1280,720,140.1707687,102.3543681,24.0,6.895623684,sita_sings_the_blues_720p24-Scene-0959,15.0,15.0
84.03173003985276,1280,720,56.67077982037784,121.44895598669564,24.0,7.022712707519531,elephants_dream_720p24-Scene-129,7.0,5.0
6.2947831304040935,1280,720,92.8793268776059,95.94769151704268,24.0,4.582447,sita_sings_the_blues_720p24-Scene-0179,1.0,2.0
49.23275054545454,1280,720,45.92974897026856,104.012204607596,24.0,6.7579327,big_buck_bunny_720p24-Scene-033,40.0,2.0
300.5483527054108,1280,720,81.24302230689145,123.23926126570171,50.0,7.1946197,old_town_cross_420_720p50-Scene-001,16.0,4.0
11.945832421052632,1280,720,41.46762561984976,69.89836007525192,24.0,1.2025556564331057,elephants_dream_720p24-Scene-042,1.0,3.0
274.747708974359,1920,1080,40.703800153844,124.1611524709082,25.0,6.9144144,station2_1080p25-Scene-001,11.0,4.0
49.46097454545455,1280,720,105.49955031117202,97.13313115563982,24.0,4.6494985,sita_sings_the_blues_720p24-Scene-0120,5.0,5.0
1.497454545,1280,720,61.15019811,0.0,24.0,3.985136509,sita_sings_the_blues_720p24-Scene-1267,1.0,1.0
46.23226382222222,1280,720,55.15284134187887,125.0407543949881,24.0,5.028501987457275,elephants_dream_720p24-Scene-134,4.0,12.0
35.06602232,1280,720,77.70261884,98.11534489,24.0,3.556684732,sita_sings_the_blues_720p24-Scene-0526,2.0,4.0
23.423616000000003,1280,720,34.12315009812004,116.71538958470036,24.0,3.6474921703338623,elephants_dream_720p24-Scene-069,2.0,2.0
45.52267839,1280,720,104.5299061,119.4646617,24.0,4.535447598,sita_sings_the_blues_720p24-Scene-1298,3.0,4.0
4.110926851,1280,720,72.65070777,17.48431569,24.0,7.597000599,sita_sings_the_blues_720p24-Scene-0325,2.0,2.0
60.78568502,1280,720,85.89928757,103.7991438,24.0,6.462703705,sita_sings_the_blues_720p24-Scene-0972,14.0,14.0
12.1578889,1280,720,157.4303097,78.92910189,24.0,7.292890072,sita_sings_the_blues_720p24-Scene-0449,4.0,3.0
24.305759888814585,1280,720,21.08766775244857,124.25075125479016,24.0,4.639124870300293,elephants_dream_720p24-Scene-039,1.0,1.0
34.83809287925697,1280,720,83.30703416259362,99.14032391046445,24.0,1.9313649,sita_sings_the_blues_720p24-Scene-0115,6.0,5.0
50.387945411764704,1280,720,100.0905725831321,97.16794728894467,24.0,5.4749103,sita_sings_the_blues_720p24-Scene-0030,5.0,5.0
26.4432735,1280,720,99.47164624,94.39884779,24.0,7.165192604,sita_sings_the_blues_720p24-Scene-0477,4.0,4.0
309.8889667774086,1280,720,97.78323732527366,123.08129946665746,50.0,7.416165,720p5994_stockholm_ter-Scene-001,11.0,13.0
81.9997343,1280,720,90.62694198,126.2397507,24.0,6.921758652,sita_sings_the_blues_720p24-Scene-1187,6.0,10.0
85.42338356164383,1280,720,277.002099408868,102.17475062673594,24.0,5.130448,big_buck_bunny_720p24-Scene-141,43.0,42.0
49.54865694117648,1280,720,82.39830039748449,102.32707013287612,24.0,5.670723,sita_sings_the_blues_720p24-Scene-0024,6.0,6.0
27.81121808,1280,720,96.96030071,125.9525838,24.0,5.502074242,sita_sings_the_blues_720p24-Scene-1215,2.0,3.0
79.80347417,1280,720,89.47742002,107.0506432,24.0,6.985630989,sita_sings_the_blues_720p24-Scene-0618,7.0,7.0
7.711080978,1280,720,96.95233213,46.46594935,24.0,7.128673077,sita_sings_the_blues_720p24-Scene-0491,4.0,3.0
120.5575104,1280,720,109.2046176,112.8126603,24.0,6.939909458,sita_sings_the_blues_720p24-Scene-0758,4.0,3.0
35.14403548,1280,720,112.4939723,103.1178175,24.0,7.020654202,sita_sings_the_blues_720p24-Scene-0453,8.0,3.0
10.25886276,1280,720,150.2718703,112.1212932,24.0,7.226122856,sita_sings_the_blues_720p24-Scene-1086,2.0,2.0
75.62648436,1280,720,120.6957154,100.2970619,24.0,6.999744892,sita_sings_the_blues_720p24-Scene-0948,16.0,6.0
60.64005294,1280,720,97.27381225,106.5626679,24.0,6.448075294,sita_sings_the_blues_720p24-Scene-0970,14.0,15.0
64.34736934,1280,720,117.2362008,93.15192056,24.0,7.191255093,sita_sings_the_blues_720p24-Scene-0624,5.0,5.0
11.40926531,1280,720,96.50493284,97.09731657,24.0,2.218399286,sita_sings_the_blues_720p24-Scene-0370,2.0,2.0
159.9278354,1280,720,118.2872675,105.1357434,24.0,7.209227085,sita_sings_the_blues_720p24-Scene-0586,8.0,8.0
49.5726542605289,1280,720,82.41924268061445,102.22227385712613,24.0,5.673862,sita_sings_the_blues_720p24-Scene-0016,6.0,6.0
87.01438115,1280,720,107.4846347,103.2060722,24.0,6.202022552,sita_sings_the_blues_720p24-Scene-0274,9.0,11.0
11.70978029,1280,720,93.9415301,85.84298373,24.0,7.003583908,sita_sings_the_blues_720p24-Scene-0310,2.0,3.0
28.64651345,1280,720,107.9139961,104.7909866,24.0,6.124597549,sita_sings_the_blues_720p24-Scene-0615,2.0,6.0
78.09219091,1280,720,106.552479,103.7871081,24.0,6.446547508,sita_sings_the_blues_720p24-Scene-0697,5.0,14.0
21.83754835,1280,720,118.4038943,93.90994379,24.0,5.902315617,sita_sings_the_blues_720p24-Scene-0699,3.0,3.0
20.85970187,1280,720,108.7653797,95.64353892,24.0,4.124446869,sita_sings_the_blues_720p24-Scene-1103,4.0,4.0
29.87175531,1280,720,75.78850201,113.1045152,24.0,5.725222588,sita_sings_the_blues_720p24-Scene-1246,5.0,2.0
43.316697448359655,1280,720,23.81596029222821,108.50675969022184,24.0,6.788083,big_buck_bunny_720p24-Scene-031,21.0,27.0
362.49824666666666,1920,1080,49.72233705402895,116.3733234952353,30.0,6.9718056,aspen_1080p-Scene-005,29.0,4.0
51.6225024,1280,720,108.9369996,102.0183607,24.0,5.376658916,sita_sings_the_blues_720p24-Scene-1012,12.0,11.0
50.23940268,1280,720,130.7542356,125.9783195,24.0,5.276900768,sita_sings_the_blues_720p24-Scene-0252,11.0,5.0
144.8546885,1280,720,123.1874745,105.8712205,24.0,6.864025593,sita_sings_the_blues_720p24-Scene-0414,8.0,8.0
39.95581659,1280,720,107.613405,94.9328827,24.0,6.865673542,sita_sings_the_blues_720p24-Scene-0277,7.0,3.0
69.29509001243862,1280,720,44.093621833753005,124.43313572870996,24.0,6.383738517761231,elephants_dream_720p24-Scene-126,5.0,4.0
11.9107315,1280,720,117.6870929,88.22856894,24.0,4.035913467,sita_sings_the_blues_720p24-Scene-0556,3.0,3.0
5.297338182,1280,720,78.89201472,42.79074006,24.0,7.222997189,sita_sings_the_blues_720p24-Scene-0405,2.0,2.0
21.56998544,1280,720,102.8100016,81.61605134,24.0,6.484493256,sita_sings_the_blues_720p24-Scene-0441,5.0,5.0
106.31485442608104,1280,720,44.58545825009094,122.80758862013792,24.0,7.1980324,big_buck_bunny_720p24-Scene-012,64.0,5.0
47.763657534246576,1280,720,81.56491277847135,101.93525968761354,24.0,5.73105,sita_sings_the_blues_720p24-Scene-0036,5.0,3.0
30.8704524,1280,720,98.41593842,122.4503257,24.0,5.850846291,sita_sings_the_blues_720p24-Scene-0442,4.0,3.0
3.0398112,1280,720,65.68987725,27.85383405,24.0,6.952497005,sita_sings_the_blues_720p24-Scene-0324,1.0,1.0
253.4980096,1280,720,81.4806158525735,124.60026058238483,60.0,7.5062613,FourPeople_1280x720_60-Scene-001,4.0,4.0
20.94736198,1280,720,102.0655714,55.83596045,24.0,5.828800678,sita_sings_the_blues_720p24-Scene-0795,3.0,3.0
17.880148606811144,1280,720,68.5544176166624,87.33371330640007,24.0,0.93601114,sita_sings_the_blues_720p24-Scene-0111,4.0,4.0
10.30392872,1280,720,107.6294602,64.25703129,24.0,3.402456522,sita_sings_the_blues_720p24-Scene-0553,2.0,2.0
158.717,1280,720,106.30649016242896,109.07591259038551,24.0,6.7472863,sita_sings_the_blues_720p24-Scene-0048,14.0,4.0
318.90402768964526,1920,1080,84.98366230135231,116.9342467753938,30.0,7.2420588,red_kayak_1080p-Scene-001,26.0,16.0
51.63652322,1280,720,94.88145378,108.7051288,24.0,5.802655697,sita_sings_the_blues_720p24-Scene-0685,4.0,4.0
16.63220798,1280,720,75.97342435,120.0742776,24.0,3.344820499,sita_sings_the_blues_720p24-Scene-1297,2.0,4.0
30.203355428571427,1280,720,61.26200328072033,98.83981456212533,24.0,6.0847926,sita_sings_the_blues_720p24-Scene-0035,2.0,2.0
13.57901938,1280,720,154.9722922,89.70020474,24.0,4.369855881,sita_sings_the_blues_720p24-Scene-0733,3.0,3.0
70.44193282,1280,720,108.3943805,111.0718509,24.0,6.90801239,sita_sings_the_blues_720p24-Scene-0946,15.0,11.0
2.610636308,1280,720,75.54523353,12.24390264,24.0,4.617888927,sita_sings_the_blues_720p24-Scene-1154,1.0,1.0
133.7734022,1280,720,102.1444349,106.2459533,24.0,7.425518036,sita_sings_the_blues_720p24-Scene-0748,6.0,6.0
32.33186,1280,720,145.8808497,84.52599418,24.0,6.900762081,sita_sings_the_blues_720p24-Scene-0633,5.0,9.0
29.719016585365853,1280,720,68.9542702998307,97.76278099027397,24.0,1.6518459,sita_sings_the_blues_720p24-Scene-0056,3.0,3.0
53.06213775,1280,720,105.1212853,100.7088099,24.0,4.437139988,sita_sings_the_blues_720p24-Scene-0518,3.0,11.0
23.96197026398301,1280,720,42.87012025049095,114.34191344844784,24.0,3.501293182373047,elephants_dream_720p24-Scene-068,2.0,2.0
24.02921829,1280,720,94.74540459,82.45650775,24.0,5.233616352,sita_sings_the_blues_720p24-Scene-0439,5.0,5.0
180.08276712328765,1280,720,94.2243528038168,106.10122648647392,24.0,7.384622,sita_sings_the_blues_720p24-Scene-0076,14.0,12.0
17.90555033,1280,720,101.9470451,115.1133253,24.0,5.893309116,sita_sings_the_blues_720p24-Scene-0268,4.0,4.0
14.280353620389354,1280,720,35.542915577642994,62.773681331418686,24.0,5.484738349914551,elephants_dream_720p24-Scene-031,2.0,2.0
47.35826432,1280,720,135.4068148,103.8911946,24.0,6.949914932,sita_sings_the_blues_720p24-Scene-0985,10.0,9.0
46.88623479,1280,720,112.0018921,89.2957847,24.0,4.019827843,sita_sings_the_blues_720p24-Scene-0342,3.0,4.0
84.2028544,1280,720,77.61632348,125.8026463,24.0,7.071920872,sita_sings_the_blues_720p24-Scene-1069,13.0,6.0
54.04421831,1280,720,110.7318102,102.6267426,24.0,5.536334515,sita_sings_the_blues_720p24-Scene-1024,12.0,13.0
103.2736303,1280,720,86.03711579,119.9746461,24.0,7.059754848,sita_sings_the_blues_720p24-Scene-0755,6.0,13.0
44.66036627,1280,720,100.9515213,120.3161071,24.0,5.981868267,sita_sings_the_blues_720p24-Scene-1144,5.0,4.0
41.48481497480201,1280,720,44.37772892592729,100.92211855080107,24.0,7.4256153,big_buck_bunny_720p24-Scene-015,40.0,64.0
36.84898133,1280,720,102.275079,78.10112069,24.0,5.531600952,sita_sings_the_blues_720p24-Scene-0794,3.0,5.0
60.51624029,1280,720,78.97590525,111.9098672,24.0,7.153965473,sita_sings_the_blues_720p24-Scene-1066,14.0,64.0
65.964864,1280,720,115.9379535,102.9543029,24.0,5.870236874,sita_sings_the_blues_720p24-Scene-1018,15.0,15.0
225.94430896353512,1920,1080,57.712873252384576,111.67251684717728,30.0,7.1363015,life_1080p30-Scene-003,27.0,6.0
41.62686319,1280,720,89.94790864,89.09946127,24.0,4.559020996,sita_sings_the_blues_720p24-Scene-0811,3.0,4.0
90.17926982,1280,720,103.8643674,94.47839232,24.0,6.644366741,sita_sings_the_blues_720p24-Scene-0910,18.0,18.0
4.800597333,1280,720,41.67179364,124.6545965,24.0,2.738991976,sita_sings_the_blues_720p24-Scene-1223,1.0,1.0
10.6137927,1280,720,150.8949565,88.29903884,24.0,4.645074368,sita_sings_the_blues_720p24-Scene-1119,3.0,3.0
6.452515902439024,1280,720,109.75173910902046,82.71953863845891,24.0,3.3947613,sita_sings_the_blues_720p24-Scene-0174,2.0,1.0
5.847769143,1280,720,169.6933305,78.28890413,24.0,5.697865963,sita_sings_the_blues_720p24-Scene-0386,2.0,2.0
118.85982191780822,1280,720,82.15304638362275,108.41561504700724,24.0,5.617812,sita_sings_the_blues_720p24-Scene-0077,10.0,15.0
13.729732,1280,720,81.22005479,77.02513162,24.0,6.092788219,sita_sings_the_blues_720p24-Scene-0422,3.0,3.0
75.73851642,1280,720,106.0561012,103.9261014,24.0,6.620717525,sita_sings_the_blues_720p24-Scene-0896,16.0,5.0
137.61694520547945,1280,720,111.3091699222786,95.293384080968,24.0,7.5826073,big_buck_bunny_720p24-Scene-118,58.0,5.0
74.82664007,1280,720,119.7267633,121.6528175,24.0,7.210691452,sita_sings_the_blues_720p24-Scene-0571,5.0,7.0
70.44211111,1280,720,71.56431788,104.7238467,24.0,6.505673885,sita_sings_the_blues_720p24-Scene-0668,4.0,3.0
33.41917741176471,1280,720,38.67923265654717,124.69777239202652,24.0,7.500967502593994,elephants_dream_720p24-Scene-121,3.0,2.0
40.30986075,1280,720,85.72789261,111.7884633,24.0,6.665616512,sita_sings_the_blues_720p24-Scene-1043,7.0,8.0
51.59502377,1280,720,94.77644001,108.0635541,24.0,5.693390369,sita_sings_the_blues_720p24-Scene-0686,4.0,4.0
32.378811493527,1280,720,57.868378652053536,101.57392626322095,24.0,6.4149947,sita_sings_the_blues_720p24-Scene-0014,2.0,2.0
66.93662597809077,1280,720,60.0975731975703,112.23585379834572,24.0,7.3480735,big_buck_bunny_720p24-Scene-079,60.0,15.0
23.33642576168388,1280,720,17.718489458402328,91.37759587119132,24.0,5.891156196594238,elephants_dream_720p24-Scene-028,2.0,1.0
57.31851961,1280,720,78.60719771,118.4433381,24.0,5.340945721,sita_sings_the_blues_720p24-Scene-0905,11.0,11.0
280.2729773313425,1920,1080,82.74045614733487,123.75613092150202,30.0,7.3036833,controlled_burn_1080p-Scene-004,19.0,4.0
42.73123491,1280,720,113.8934885,86.45053721,24.0,6.174886703,sita_sings_the_blues_720p24-Scene-0629,7.0,4.0
34.53081491,1280,720,100.7117767,122.7066028,24.0,5.591656208,sita_sings_the_blues_720p24-Scene-1136,2.0,3.0
10.505014084507042,1280,720,90.40790219531426,54.64472309475474,24.0,6.5327306,sita_sings_the_blues_720p24-Scene-0157,4.0,3.0
469.25906,1920,1080,133.4384219380219,122.30256036969882,30.0,7.5807333,aspen_1080p-Scene-009,26.0,22.0
35.86430363,1280,720,116.0681697,112.0784735,24.0,6.279213428,sita_sings_the_blues_720p24-Scene-0546,4.0,5.0
75.37625336,1280,720,132.0936149,104.8885489,24.0,6.765219688,sita_sings_the_blues_720p24-Scene-0962,14.0,7.0
38.55613175,1280,720,73.68473589,104.3436873,24.0,4.303026676,sita_sings_the_blues_720p24-Scene-1003,9.0,41.0
41.51453124273437,1280,720,19.09425370024953,115.732531224008,24.0,6.259676933288574,elephants_dream_720p24-Scene-072,2.0,2.0
57.0279527,1280,720,125.1237966,118.3521143,24.0,4.813568592,sita_sings_the_blues_720p24-Scene-0874,6.0,11.0
80.7107808,1280,720,44.55452049171586,123.20601961447936,24.0,7.381912231445312,elephants_dream_720p24-Scene-106,4.0,3.0
152.444602739726,1280,720,67.72984935174695,113.77644949032806,24.0,5.2845855,sita_sings_the_blues_720p24-Scene-0042,17.0,18.0
56.8713925,1280,720,96.54206083,93.15300224,24.0,4.978785038,sita_sings_the_blues_720p24-Scene-0609,4.0,13.0
13.71708853,1280,720,134.8232419,65.33111189,24.0,4.124453545,sita_sings_the_blues_720p24-Scene-0821,3.0,2.0
11.57084241,1280,720,96.6997794,52.50828705,24.0,6.246413231,sita_sings_the_blues_720p24-Scene-0882,4.0,4.0
45.70216213052385,1280,720,45.28496852509955,114.36178615898136,24.0,6.9830866,big_buck_bunny_720p24-Scene-021,64.0,2.0
20.67394507,1280,720,98.34295995,100.0760392,24.0,7.151412487,sita_sings_the_blues_720p24-Scene-0372,4.0,4.0
146.2800562,1280,720,121.7989461,104.0199145,24.0,6.89283514,sita_sings_the_blues_720p24-Scene-0738,7.0,6.0
58.85794906,1280,720,108.1556737,103.9619987,24.0,7.441926479,sita_sings_the_blues_720p24-Scene-0997,13.0,12.0
84.26784914285714,1280,720,67.23937830607962,115.47238179693112,24.0,4.034153,sita_sings_the_blues_720p24-Scene-0060,14.0,6.0
369.9487983967936,1280,720,128.92889319574837,120.31099763158004,50.0,7.403932,ducks_take_off_420_720p50-Scene-001,54.0,27.0
47.2354508,1280,720,87.22016672,120.0367677,24.0,5.84067297,sita_sings_the_blues_720p24-Scene-0544,5.0,4.0
13.16818863,1280,720,106.3616862,96.13282706,24.0,6.948620796,sita_sings_the_blues_720p24-Scene-0824,3.0,3.0
78.991588,1280,720,89.20870199,106.0462564,24.0,6.967158794,sita_sings_the_blues_720p24-Scene-0619,7.0,7.0
45.48141113,1280,720,95.32538207,103.5110423,24.0,4.733399391,sita_sings_the_blues_720p24-Scene-1007,9.0,9.0
6.904024889,1280,720,44.31179435,46.12468604,24.0,5.791149139,sita_sings_the_blues_720p24-Scene-1147,2.0,2.0
33.13351432,1280,720,128.9292779,126.748503,24.0,3.77329731,sita_sings_the_blues_720p24-Scene-0701,4.0,3.0
11.26434472,1280,720,89.67576139,79.19989184,24.0,5.808112621,sita_sings_the_blues_720p24-Scene-0657,3.0,3.0
27.98213229,1280,720,97.77910782,80.6577629,24.0,3.4312253,sita_sings_the_blues_720p24-Scene-0500,2.0,2.0
132.3999476,1280,720,88.54245541,111.8508257,24.0,7.265697956,sita_sings_the_blues_720p24-Scene-0377,5.0,6.0
3.14469853,1280,720,126.9087657,29.81364209,24.0,1.680580378,sita_sings_the_blues_720p24-Scene-0881,1.0,1.0
257.68596,1920,1080,69.5985693986894,113.38558062559476,30.0,7.071245,factory_1080p30-Scene-010,12.0,36.0
159.3580339,1280,720,115.3172618,104.6983538,24.0,7.151117802,sita_sings_the_blues_720p24-Scene-0587,8.0,8.0
10.05191481,1280,720,135.0856296,55.97073095,24.0,4.170327663,sita_sings_the_blues_720p24-Scene-0878,3.0,2.0
72.48323668188267,1280,720,36.0233159488097,118.36955284831704,24.0,6.9438323974609375,elephants_dream_720p24-Scene-052,3.0,3.0
40.0255008,1280,720,33.648948312815044,119.0421470590346,24.0,5.584133625030518,elephants_dream_720p24-Scene-047,2.0,2.0
65.67646932,1280,720,97.92501941,119.4734451,24.0,5.913262367,sita_sings_the_blues_720p24-Scene-0814,7.0,6.0
9.021365272,1280,720,130.7877725,66.54335669,24.0,5.905920506,sita_sings_the_blues_720p24-Scene-0400,2.0,2.0
51.99068551,1280,720,112.334522,120.8213895,24.0,6.876188278,sita_sings_the_blues_720p24-Scene-0215,4.0,3.0
127.6774124,1280,720,102.3230967,120.0929699,24.0,6.585249901,sita_sings_the_blues_720p24-Scene-0467,4.0,4.0
53.30376989,1280,720,95.06207266,108.8200373,24.0,6.018657207,sita_sings_the_blues_720p24-Scene-0683,4.0,4.0
54.76775096,1280,720,99.24056133,113.1454275,24.0,6.644301414,sita_sings_the_blues_720p24-Scene-0817,5.0,11.0
23.37570031214984,1280,720,22.41117643231417,107.40418760387269,24.0,2.61002779006958,elephants_dream_720p24-Scene-109,1.0,1.0
14.39334024,1280,720,132.6495856,127.3151031,24.0,2.491783857,sita_sings_the_blues_720p24-Scene-0730,3.0,2.0
43.85015790736741,1280,720,59.93692230363698,113.19533776911427,24.0,7.5433903,big_buck_bunny_720p24-Scene-016,64.0,64.0
42.55247165908151,1280,720,56.16433441275812,99.46047159753068,24.0,6.9466,big_buck_bunny_720p24-Scene-025,61.0,29.0
14.26011665,1280,720,84.24607826,102.1457378,24.0,3.714686871,sita_sings_the_blues_720p24-Scene-1121,1.0,3.0
31.09934767,1280,720,61.30276124,112.7249443,24.0,4.2597332,sita_sings_the_blues_720p24-Scene-0854,3.0,4.0
3.577183069,1280,720,129.2404531,23.6420185,24.0,4.09245491,sita_sings_the_blues_720p24-Scene-0401,2.0,2.0
151.9582265144864,1920,1080,70.99572119908728,120.05529844002396,30.0,6.859006,life_1080p30-Scene-007,13.0,7.0
75.15367466666667,1280,720,45.8124260392588,114.15298782741046,24.0,6.134544372558594,elephants_dream_720p24-Scene-054,4.0,4.0
68.90688643,1280,720,123.0320829,93.0786423,24.0,7.047005177,sita_sings_the_blues_720p24-Scene-0636,8.0,8.0
18.497053571428573,1280,720,117.13629101462514,68.49733927738433,24.0,7.1719604,sita_sings_the_blues_720p24-Scene-0150,6.0,6.0
17.06775128,1280,720,98.47214225,95.55879545,24.0,5.961314678,sita_sings_the_blues_720p24-Scene-0689,3.0,2.0
11.29864,1280,720,180.6977069,105.0065381,24.0,6.342719078,sita_sings_the_blues_720p24-Scene-0822,3.0,3.0
38.23323884514436,1280,720,84.80912363834332,94.11339926272416,24.0,6.1332173,big_buck_bunny_720p24-Scene-090,37.0,3.0
12.86246674,1280,720,96.6468022,99.86864328,24.0,4.543336868,sita_sings_the_blues_720p24-Scene-0884,3.0,3.0
25.7417088,1280,720,80.3423506,89.97116804,24.0,5.066129208,sita_sings_the_blues_720p24-Scene-0654,2.0,8.0
27.38334979,1280,720,118.7297971,96.05309662,24.0,5.453718185,sita_sings_the_blues_720p24-Scene-0257,11.0,5.0
41.355056,1280,720,105.3824862,120.5664266,24.0,7.426692963,sita_sings_the_blues_720p24-Scene-0742,3.0,5.0
36.52263959390863,1280,720,31.499741791347244,98.21195167497343,24.0,3.4389708,big_buck_bunny_720p24-Scene-129,12.0,2.0
15.88988523,1280,720,105.5152882,104.4436895,24.0,6.171938419,sita_sings_the_blues_720p24-Scene-0243,4.0,4.0
21.1408404,1280,720,92.75697247,99.72756094,24.0,5.90901041,sita_sings_the_blues_720p24-Scene-0301,2.0,4.0
92.1901613,1280,720,102.2503009,118.6468965,24.0,6.573460579,sita_sings_the_blues_720p24-Scene-0476,8.0,8.0
449.68523153197816,1920,1080,94.57903104709013,120.80728698070554,30.0,6.7876515,rush_field_cuts_1080p-Scene-002,26.0,22.0
7.526651158,1280,720,73.16534978,0.0,24.0,5.65086031,sita_sings_the_blues_720p24-Scene-0302,2.0,5.0
80.17545795523291,1280,720,118.39852338534877,120.5390507286694,24.0,7.221626,big_buck_bunny_720p24-Scene-076,64.0,7.0
86.80308273,1280,720,82.27824959,116.8342668,24.0,7.281197071,sita_sings_the_blues_720p24-Scene-0308,5.0,6.0
58.55779269,1280,720,96.37176323,99.53815148,24.0,6.54462862,sita_sings_the_blues_720p24-Scene-0694,5.0,14.0
226.63673081418,1920,1080,60.43139363809125,117.02265235146756,30.0,7.0934834,factory_1080p30-Scene-012,9.0,53.0
52.39434765,1280,720,96.65264538,107.5428664,24.0,5.585150719,sita_sings_the_blues_720p24-Scene-0687,4.0,4.0
55.473685333333336,1280,720,80.2409858324764,104.7954011405026,24.0,6.8235364,big_buck_bunny_720p24-Scene-098,44.0,11.0
110.6124231,1280,720,93.94072455,109.8378508,24.0,7.248086929,sita_sings_the_blues_720p24-Scene-0759,2.0,11.0
12.26848200312989,1280,720,99.86012728098056,68.3369859239726,24.0,6.466114,sita_sings_the_blues_720p24-Scene-0151,4.0,3.0
66.3283707586207,1280,720,96.6021510204545,118.58958339396796,24.0,7.312844,big_buck_bunny_720p24-Scene-054,64.0,7.0
73.00322458,1280,720,106.5861371,121.3193702,24.0,6.402759552,sita_sings_the_blues_720p24-Scene-1183,4.0,6.0
27.33068213290914,1280,720,17.94182389698574,88.87517039351059,24.0,4.8667097091674805,elephants_dream_720p24-Scene-019,2.0,1.0
66.890384,1280,720,86.6800232,109.0403373,24.0,6.958693027,sita_sings_the_blues_720p24-Scene-0329,5.0,14.0
59.386368,1280,720,59.12838965520247,117.40757396692676,24.0,7.2128167,big_buck_bunny_720p24-Scene-035,45.0,64.0
36.18599993236366,1280,720,37.40605631628456,121.92060016007213,24.0,5.586761951446533,elephants_dream_720p24-Scene-090,2.0,2.0
53.8163279,1280,720,84.16853937,104.7053252,24.0,4.089675426,sita_sings_the_blues_720p24-Scene-0533,5.0,13.0
65.5688329,1280,720,69.31721315,106.5990753,24.0,7.246200085,sita_sings_the_blues_720p24-Scene-1062,15.0,15.0
91.23679271,1280,720,95.62919354,94.58630145,24.0,6.562915802,sita_sings_the_blues_720p24-Scene-0911,18.0,7.0
60.28092365,1280,720,96.86452142,122.4084868,24.0,5.453845024,sita_sings_the_blues_720p24-Scene-0872,8.0,11.0
3.686209982,1280,720,96.75824436,53.78794708,24.0,5.850432396,sita_sings_the_blues_720p24-Scene-0779,2.0,2.0
28.76378881,1280,720,140.4413014,93.12317761,24.0,4.671140671,sita_sings_the_blues_720p24-Scene-1179,4.0,6.0
110.0518846,1280,720,110.239652,102.8506319,24.0,7.396324635,sita_sings_the_blues_720p24-Scene-0747,6.0,11.0
135.5125890410959,1280,720,84.07872281301316,109.85523986551762,24.0,5.7994547,sita_sings_the_blues_720p24-Scene-0067,13.0,15.0
32.71149811,1280,720,101.6187149,106.8160167,24.0,5.926953793,sita_sings_the_blues_720p24-Scene-1192,4.0,3.0
70.58238356164382,1280,720,109.70023170029116,93.93384141115054,24.0,5.61118,sita_sings_the_blues_720p24-Scene-0162,3.0,4.0
47.289664,1280,720,22.58009488047784,106.9149567749427,24.0,6.8807626,big_buck_bunny_720p24-Scene-027,16.0,27.0
44.65032898933516,1280,720,50.49819065396899,96.87287103434934,24.0,5.935771942138672,elephants_dream_720p24-Scene-051,4.0,35.0
64.76075929,1280,720,141.5269864,100.306886,24.0,6.545833111,sita_sings_the_blues_720p24-Scene-0957,14.0,7.0
16.73128727,1280,720,89.01046131,61.25222265,24.0,6.189568996,sita_sings_the_blues_720p24-Scene-0612,3.0,6.0
144.82668881046294,1920,1080,58.05805973621995,120.79749833275169,30.0,7.0810494,dinner_1080p30-Scene-003,5.0,5.0
26.04081587448085,1280,720,52.54168888572136,97.14645110313666,24.0,5.986791,sita_sings_the_blues_720p24-Scene-0032,2.0,2.0
79.05268517296295,1280,720,41.182402539863794,114.4010423572814,24.0,6.154511451721191,elephants_dream_720p24-Scene-057,7.0,4.0
145.5395117,1280,720,104.348637,101.846328,24.0,7.303422451,sita_sings_the_blues_720p24-Scene-0578,6.0,7.0
37.54534712453455,1280,720,77.18345674070598,100.38076957997838,24.0,5.349619,sita_sings_the_blues_720p24-Scene-0006,4.0,3.0
22.90123217,1280,720,96.83346249,81.73007752,24.0,5.29663372,sita_sings_the_blues_720p24-Scene-0428,5.0,5.0
24.23958674,1280,720,94.85433755,82.48157036,24.0,5.234108448,sita_sings_the_blues_720p24-Scene-0433,5.0,5.0
46.39121513,1280,720,69.61124843,123.4696428,24.0,4.934653759,sita_sings_the_blues_720p24-Scene-0864,8.0,10.0
24.95956223989056,1280,720,24.541427443825803,113.77714313101576,24.0,7.240315914154053,elephants_dream_720p24-Scene-108,2.0,1.0
21.25567413,1280,720,104.3787016,70.84437731,24.0,4.605593204,sita_sings_the_blues_720p24-Scene-1169,2.0,5.0
36.76623631,1280,720,89.97105466,106.6491043,24.0,6.974245548,sita_sings_the_blues_720p24-Scene-0365,5.0,5.0
48.16422866527353,1280,720,35.12407518644469,109.61671606443268,24.0,6.965784549713135,elephants_dream_720p24-Scene-091,2.0,25.0
25.05858003,1280,720,99.49732457,70.842891,24.0,4.509217739,sita_sings_the_blues_720p24-Scene-0787,2.0,5.0
73.10763073,1280,720,94.91329498,116.1136712,24.0,6.878310204,sita_sings_the_blues_720p24-Scene-0468,5.0,15.0
18.79531733,1280,720,95.46296362,81.01349606,24.0,2.275620461,sita_sings_the_blues_720p24-Scene-0349,2.0,7.0
62.07389038,1280,720,76.6478174,107.4864603,24.0,6.573358536,sita_sings_the_blues_720p24-Scene-1184,3.0,14.0
77.43504803910544,1280,720,52.88703611755389,123.5235046194508,24.0,7.290618419647217,elephants_dream_720p24-Scene-114,3.0,3.0
75.36674396286138,1280,720,40.22078455649781,121.35465916495303,24.0,7.275454521179199,elephants_dream_720p24-Scene-111,4.0,3.0
20.407266666666665,1280,720,10.791970232379995,0.0,50.0,3.5278957,720p50_parkrun_ter-Scene-002,27.0,2.0
27.92757644,1280,720,98.4156148,101.3223868,24.0,4.291261673,sita_sings_the_blues_720p24-Scene-0508,4.0,3.0
24.13541993,1280,720,147.6588849,81.86995811,24.0,6.505364418,sita_sings_the_blues_720p24-Scene-0394,8.0,7.0
20.14222191,1280,720,52.2232013,113.6025155,24.0,5.573340893,sita_sings_the_blues_720p24-Scene-0802,2.0,6.0
12.8444086,1280,720,126.580926,112.2875572,24.0,5.472840786,sita_sings_the_blues_720p24-Scene-0511,3.0,4.0
66.63352893,1280,720,107.1299868,110.9050591,24.0,5.976713181,sita_sings_the_blues_720p24-Scene-0815,5.0,15.0
17.46511169,1280,720,91.1053675,92.49558272,24.0,7.148035526,sita_sings_the_blues_720p24-Scene-0264,5.0,5.0
18.58274955,1280,720,118.0799307,99.8722795,24.0,5.082844257,sita_sings_the_blues_720p24-Scene-1206,5.0,2.0
106.01177327935224,1920,1080,44.39952891194851,116.62152293932188,30.0,6.852533,factory_1080p30-Scene-019,4.0,2.0
33.36631387808041,1280,720,63.272241646645895,116.30918380370444,24.0,6.238186,sintel_trailer_2k_720p24-Scene-007,2.0,8.0
48.93355161078238,1280,720,77.75993292054535,111.8524526829861,24.0,7.4537687,big_buck_bunny_720p24-Scene-077,59.0,64.0
45.71192098,1280,720,110.8718249,110.1529024,24.0,7.060842991,sita_sings_the_blues_720p24-Scene-1050,9.0,5.0
39.461382400000005,1280,720,97.07526700863212,96.21549321426568,24.0,5.9234924,sita_sings_the_blues_720p24-Scene-0013,4.0,3.0
14.68786112,1280,720,80.0780822,70.74933397,24.0,4.801046371,sita_sings_the_blues_720p24-Scene-1167,2.0,2.0
95.66763767741936,1280,720,84.14456579802892,121.7286712600844,24.0,7.746871,big_buck_bunny_720p24-Scene-002,64.0,64.0
63.26959044,1280,720,82.82679975,115.119555,24.0,5.822285175,sita_sings_the_blues_720p24-Scene-0904,13.0,15.0
11.48285255,1280,720,74.11404868,49.72490446,24.0,6.04199791,sita_sings_the_blues_720p24-Scene-0420,2.0,3.0
44.66765951,1280,720,83.31803058,90.90566545,24.0,5.616059303,sita_sings_the_blues_720p24-Scene-0806,3.0,3.0
3.1225664,1280,720,81.72720876,43.92037213,24.0,6.21423769,sita_sings_the_blues_720p24-Scene-0488,2.0,1.0
97.79138039753256,1280,720,106.26146739761845,119.0799533713186,24.0,7.6108713,big_buck_bunny_720p24-Scene-053,64.0,12.0
40.33108697915031,1280,720,33.19459344968555,108.5860750819211,24.0,4.565205097198486,elephants_dream_720p24-Scene-027,2.0,9.0
1.446083988,1280,720,61.15019811,0.0,24.0,3.985136747,sita_sings_the_blues_720p24-Scene-1263,1.0,1.0
11.3479199,1280,720,119.7501891,70.6589575,24.0,2.302648544,sita_sings_the_blues_720p24-Scene-0565,3.0,2.0
17.29235799,1280,720,114.3414251,121.9729467,24.0,5.586699963,sita_sings_the_blues_720p24-Scene-0771,2.0,4.0
16.85745329905741,1280,720,92.06220703761876,65.9655119523112,24.0,4.8646054,sita_sings_the_blues_720p24-Scene-0142,4.0,6.0
15.686368186492974,1280,720,95.49709505356904,65.68228809283377,24.0,5.656344,sita_sings_the_blues_720p24-Scene-0128,4.0,6.0
20.8226039,1280,720,91.08532762,92.736528,24.0,4.314769268,sita_sings_the_blues_720p24-Scene-0886,4.0,7.0
94.3662630839176,1280,720,45.187186618099794,116.62936002208252,24.0,6.902709484100342,elephants_dream_720p24-Scene-055,5.0,2.0
1.672641939,1280,720,110.9076597,10.76968919,24.0,6.982701778,sita_sings_the_blues_720p24-Scene-0765,1.0,1.0
53.7063754,1280,720,114.7608595732676,113.46056404027216,24.0,5.770083904266357,elephants_dream_720p24-Scene-013,7.0,4.0
41.96986627,1280,720,139.4869696,104.8486023,24.0,7.270789146,sita_sings_the_blues_720p24-Scene-0987,8.0,9.0
12.381256270447109,1280,720,81.33014832943269,49.82754728908755,24.0,5.8704257,sita_sings_the_blues_720p24-Scene-0126,3.0,3.0
47.26584927340318,1280,720,71.27559909841848,103.86643343800648,24.0,7.1439896,big_buck_bunny_720p24-Scene-091,64.0,64.0
42.38784587,1280,720,93.69787162,113.939017,24.0,7.110489845,sita_sings_the_blues_720p24-Scene-0868,4.0,64.0
18.488234922639723,1280,720,115.37259358093988,68.67808232490873,24.0,7.170208,sita_sings_the_blues_720p24-Scene-0156,6.0,6.0
64.70490667,1280,720,103.4844305,102.3482645,24.0,6.842607021,sita_sings_the_blues_720p24-Scene-0642,5.0,14.0
54.38810422,1280,720,101.5857289,101.6880192,24.0,7.449202061,sita_sings_the_blues_720p24-Scene-0992,12.0,64.0
37.07306804,1280,720,99.80977627,92.24835507,24.0,3.549076557,sita_sings_the_blues_720p24-Scene-0928,9.0,4.0
64.047632,1280,720,28.8363103461747,119.99267598971971,24.0,7.306588,big_buck_bunny_720p24-Scene-128,30.0,36.0
60.02041413,1280,720,102.9313405,102.6918648,24.0,6.51227951,sita_sings_the_blues_720p24-Scene-0643,5.0,14.0
65.18830239,1280,720,118.800384,93.15192056,24.0,7.192838192,sita_sings_the_blues_720p24-Scene-0626,5.0,5.0
39.935109640049646,1280,720,105.279478099464,93.23250978283444,24.0,3.5005975,sita_sings_the_blues_720p24-Scene-0090,6.0,13.0
8.280064,1280,720,108.9333454,29.00145545,24.0,7.047834873,sita_sings_the_blues_720p24-Scene-1236,3.0,3.0
5.950330552,1280,720,94.65506924,62.06610819,24.0,5.675726891,sita_sings_the_blues_720p24-Scene-0789,1.0,2.0
46.88701155555555,1280,720,18.06786751787885,114.82770268896688,24.0,6.6879272,big_buck_bunny_720p24-Scene-067,28.0,27.0
58.24749843,1280,720,109.5186865,101.2149868,24.0,5.702804565,sita_sings_the_blues_720p24-Scene-1015,14.0,15.0
20.19067171717172,1280,720,90.02880633963842,77.32547082067745,24.0,1.0490086,sita_sings_the_blues_720p24-Scene-0112,5.0,4.0
60.20264205,1280,720,102.2503009,104.9953171,24.0,6.587464333,sita_sings_the_blues_720p24-Scene-0479,4.0,5.0
299.7422124248497,1280,720,63.93632395033842,122.57252472877016,50.0,6.8018303,in_to_tree_420_720p50-Scene-001,23.0,6.0
60.6543523573201,1280,720,48.40515476118166,112.6401569080297,24.0,6.3605614,big_buck_bunny_720p24-Scene-039,24.0,5.0
21.46482714,1280,720,179.8409143,123.228893,24.0,2.575004816,sita_sings_the_blues_720p24-Scene-0561,3.0,6.0
160.4964574,1280,720,89.39152229,96.17002955,24.0,7.482600689,sita_sings_the_blues_720p24-Scene-1092,8.0,8.0
13.22214578,1280,720,81.06029891,79.74845152,24.0,6.343995094,sita_sings_the_blues_720p24-Scene-0438,3.0,3.0
18.47029551,1280,720,109.2787554,101.824123,24.0,6.578892708,sita_sings_the_blues_720p24-Scene-1229,3.0,6.0
52.39710461401593,1280,720,36.647169333380006,115.86777536821292,24.0,6.937323570251465,elephants_dream_720p24-Scene-073,2.0,3.0
497.6728042553192,1280,720,102.6613592837728,85.9061540809732,50.0,7.054341,720p50_shields_ter-Scene-001,50.0,30.0
35.50194133,1280,720,97.54281364,89.65167263,24.0,3.433469057,sita_sings_the_blues_720p24-Scene-0929,9.0,3.0
9.245777830580968,1280,720,95.39883101090844,75.70226216875577,24.0,4.0065293,sita_sings_the_blues_720p24-Scene-0199,2.0,3.0
123.60028767123288,1280,720,46.32711324450543,118.42447406305764,24.0,4.9976854,sita_sings_the_blues_720p24-Scene-0052,16.0,13.0
14.74812367,1280,720,122.5967651,90.89983908,24.0,7.073180199,sita_sings_the_blues_720p24-Scene-0410,2.0,3.0
48.110402742073695,1280,720,33.12435501010925,107.13617691336042,24.0,7.261724,big_buck_bunny_720p24-Scene-131,64.0,25.0
235.35508021390373,1920,1080,43.09150840357096,122.23965805164264,25.0,6.7704897,pedestrian_area_1080p25-Scene-001,6.0,4.0
49.00334799961737,1280,720,30.88069457722222,117.79638978374707,24.0,6.248663902282715,elephants_dream_720p24-Scene-088,2.0,2.0
22.60758623,1280,720,175.2007862,99.62734463,24.0,3.286124468,sita_sings_the_blues_720p24-Scene-0259,5.0,3.0
56.12349721,1280,720,95.95906603,108.3609819,24.0,6.127453327,sita_sings_the_blues_720p24-Scene-0682,4.0,14.0
55.51682272149534,1280,720,45.18965266651448,121.38750833410803,24.0,7.536766052246094,elephants_dream_720p24-Scene-010,4.0,59.0
10.10829663,1280,720,111.7772012,98.51798076,24.0,4.833907604,sita_sings_the_blues_720p24-Scene-0774,3.0,2.0
50.23664122137405,1280,720,27.882325486891304,120.86568256930144,24.0,6.25636,big_buck_bunny_720p24-Scene-114,20.0,20.0
67.46011902348111,1280,720,88.73871026983424,101.2138429214776,24.0,7.630353927612305,elephants_dream_720p24-Scene-004,4.0,15.0
11.34435391,1280,720,109.9964215,71.73921261,24.0,2.348054886,sita_sings_the_blues_720p24-Scene-0567,3.0,2.0
50.49240694789082,1280,720,44.17310323467686,103.62147184798442,24.0,7.2041354,big_buck_bunny_720p24-Scene-104,27.0,58.0
5.7470592,1280,720,114.8855727,42.73551551,24.0,3.332147121,sita_sings_the_blues_720p24-Scene-0557,2.0,1.0
65.35260703,1280,720,86.14594284,113.227656,24.0,6.681772709,sita_sings_the_blues_720p24-Scene-0631,9.0,6.0
11.06185362,1280,720,104.9343527,120.7547514,24.0,7.585847855,sita_sings_the_blues_720p24-Scene-1110,2.0,1.0
73.68738610500911,1280,720,55.174206570540925,116.82779336173536,24.0,6.182636260986328,elephants_dream_720p24-Scene-026,5.0,4.0
50.05540971805639,1280,720,67.54076670979813,100.986152730073,24.0,7.3275404,big_buck_bunny_720p24-Scene-057,64.0,64.0
128.043488,1280,720,104.8320512,100.8952813,24.0,7.516506195,sita_sings_the_blues_720p24-Scene-1111,4.0,4.0
1.570742154,1280,720,71.36517361,26.93698278,24.0,4.57083416,sita_sings_the_blues_720p24-Scene-1242,1.0,1.0
5.826712977581307,1280,720,75.5769797228693,52.93980645226793,24.0,5.5507684,sita_sings_the_blues_720p24-Scene-0132,2.0,2.0
17.59534522,1280,720,98.79719961,62.98776548,24.0,7.085884094,sita_sings_the_blues_720p24-Scene-0494,4.0,4.0
9.470425176,1280,720,78.79108141,42.77912443,24.0,5.827851295,sita_sings_the_blues_720p24-Scene-1145,3.0,2.0
117.7067397260274,1280,720,80.52044319703903,111.73089364325988,24.0,4.536706,sita_sings_the_blues_720p24-Scene-0043,12.0,11.0
45.24703386,1280,720,90.53774906,108.9481801,24.0,6.865395069,sita_sings_the_blues_720p24-Scene-1044,9.0,8.0
34.13702305,1280,720,97.12190637,120.2794283,24.0,6.973238468,sita_sings_the_blues_720p24-Scene-0319,2.0,5.0
9.251953268077044,1280,720,82.95978101605014,58.426414988492375,24.0,5.615017,sita_sings_the_blues_720p24-Scene-0129,3.0,3.0
38.78341002117149,1280,720,50.86096936117732,94.84468548529853,24.0,7.1400466,big_buck_bunny_720p24-Scene-036,41.0,40.0
13.36323942,1280,720,94.90194938,65.28265757,24.0,5.359797955,sita_sings_the_blues_720p24-Scene-0435,3.0,4.0
60.0437006,1280,720,101.8449399,102.6439496,24.0,6.740244865,sita_sings_the_blues_720p24-Scene-0977,14.0,14.0
51.86116967849696,1280,720,25.04384422252265,122.51992359547629,24.0,5.36808443069458,elephants_dream_720p24-Scene-067,3.0,2.0
11.60235229,1280,720,135.2611513,90.08144659,24.0,4.080207348,sita_sings_the_blues_720p24-Scene-0398,3.0,3.0
68.60678871012313,1280,720,26.00952485004236,124.38606441568496,24.0,6.091529846191406,elephants_dream_720p24-Scene-124,4.0,3.0
42.282556,1280,720,76.42911029828227,105.88093675380216,24.0,6.1330223,sita_sings_the_blues_720p24-Scene-0004,3.0,3.0
53.958849020575485,1280,720,30.70037290831651,121.27508067133772,24.0,6.843461990356445,elephants_dream_720p24-Scene-081,2.0,3.0
6.500009,1280,720,86.31022832,49.69060777,24.0,7.404548645,sita_sings_the_blues_720p24-Scene-0282,3.0,3.0
53.008818,1280,720,60.86625057476808,126.38277186940148,24.0,4.4486656,sintel_trailer_2k_720p24-Scene-004,5.0,27.0
131.3919699,1280,720,120.1404053,104.6413519,24.0,6.895713329,sita_sings_the_blues_720p24-Scene-0736,5.0,6.0
31.53086918154688,1280,720,26.365828320612405,109.57092135641837,24.0,6.094915866851807,elephants_dream_720p24-Scene-025,2.0,1.0
31.43075399,1280,720,85.68985535,108.1164384,24.0,5.804604053,sita_sings_the_blues_720p24-Scene-1191,3.0,3.0
156.3574151,1280,720,116.2025265,105.6255574,24.0,7.246632576,sita_sings_the_blues_720p24-Scene-0584,8.0,8.0
13.23221082,1280,720,89.7265327,94.73853377,24.0,6.628197193,sita_sings_the_blues_720p24-Scene-0312,2.0,3.0
69.64058948831139,1280,720,65.18557705503096,123.46853929206496,24.0,7.54848051071167,elephants_dream_720p24-Scene-099,4.0,3.0
86.63522418,1280,720,97.91584533,118.0921872,24.0,6.747360706,sita_sings_the_blues_720p24-Scene-1194,6.0,5.0
14.361145263157894,1280,720,42.52114366407034,77.1354277767115,24.0,2.091115951538086,elephants_dream_720p24-Scene-089,2.0,1.0
125.0771412,1280,720,87.33840878,106.1933242,24.0,7.431651115,sita_sings_the_blues_720p24-Scene-0756,5.0,2.0
21.98818287681436,1280,720,34.07380026328924,96.31760079658233,24.0,3.2751173973083496,elephants_dream_720p24-Scene-087,2.0,2.0
15.892061919504645,1280,720,77.83440586737358,93.63644244654996,24.0,0.8683551,sita_sings_the_blues_720p24-Scene-0107,4.0,2.0
56.82705419,1280,720,115.6597042,104.5956989,24.0,5.887162209,sita_sings_the_blues_720p24-Scene-1025,13.0,6.0
58.77404501,1280,720,32.26981235,121.3269258,24.0,4.884516239,sita_sings_the_blues_720p24-Scene-1079,22.0,25.0
229.20653424657536,1280,720,107.17697059201,95.8154115352948,24.0,7.2023396,sita_sings_the_blues_720p24-Scene-0040,17.0,15.0
36.06155313,1280,720,115.3113041,113.3869441,24.0,3.763961792,sita_sings_the_blues_720p24-Scene-0512,2.0,3.0
78.79991703,1280,720,118.4284683,102.1299378,24.0,7.205359459,sita_sings_the_blues_720p24-Scene-0949,18.0,5.0
17.814014888337468,1280,720,66.51907186007105,83.68898566473179,24.0,0.89566004,sita_sings_the_blues_720p24-Scene-0110,4.0,4.0
73.0358784,1280,720,122.8639377,103.2855788,24.0,7.135588169,sita_sings_the_blues_720p24-Scene-0950,17.0,6.0
56.3259253976961,1280,720,35.667122368394544,123.3018836200026,24.0,7.222715,big_buck_bunny_720p24-Scene-127,64.0,2.0
91.11329549,1280,720,105.6561645,91.92109898,24.0,6.473044395,sita_sings_the_blues_720p24-Scene-0912,19.0,18.0
25.920744,1280,720,81.76200675,86.31605167,24.0,5.307771206,sita_sings_the_blues_720p24-Scene-0655,2.0,8.0
54.38966705689534,1280,720,104.6461020471746,120.33976160759477,24.0,6.281654,sita_sings_the_blues_720p24-Scene-0121,3.0,5.0
25.39253932,1280,720,60.77700293,103.2705075,24.0,4.396222591,sita_sings_the_blues_720p24-Scene-0803,3.0,4.0
20.739992,1280,720,109.9848106863314,76.29750676974452,24.0,6.907593,sita_sings_the_blues_720p24-Scene-0155,6.0,6.0
102.46031614709644,1280,720,107.91754507635449,115.15228447792995,24.0,5.876299381256104,elephants_dream_720p24-Scene-014,14.0,16.0
6.694479063,1280,720,104.362312,58.8869806,24.0,4.060841084,sita_sings_the_blues_720p24-Scene-0873,2.0,2.0
207.2069394121176,1920,1080,70.59746769436636,114.39387803077614,30.0,6.9845424,factory_1080p30-Scene-008,10.0,8.0
197.2004794520548,1280,720,125.29417111514886,99.15772695179932,24.0,7.3388786,sita_sings_the_blues_720p24-Scene-0038,13.0,12.0
29.32180212,1280,720,140.7869829,122.3378664,24.0,4.426386356,sita_sings_the_blues_720p24-Scene-1173,3.0,3.0
2.878565903,1280,720,70.2590108,77.74651468,24.0,7.207695484,sita_sings_the_blues_720p24-Scene-0764,1.0,1.0
13.20356571,1280,720,70.46215912,85.46671702,24.0,2.53815341,sita_sings_the_blues_720p24-Scene-0841,4.0,2.0
249.5928,1920,1080,108.98727886778585,113.98354703288096,25.0,6.8108444,blue_sky_1080p25-Scene-001,5.0,5.0
15.66371195,1280,720,100.9390677,74.42030997,24.0,3.781324625,sita_sings_the_blues_720p24-Scene-0833,4.0,5.0
196.0163862472568,1920,1080,49.41659086348044,114.51956178537144,30.0,7.2872643,factory_1080p30-Scene-013,6.0,53.0
34.442325333333336,1280,720,55.14556165851725,100.97641473810587,24.0,6.3999166,sita_sings_the_blues_720p24-Scene-0021,3.0,5.0
1.583036,1280,720,212.7084984,0.0,24.0,6.156664371,sita_sings_the_blues_720p24-Scene-1260,1.0,1.0
10.24088477,1280,720,78.69011006,43.7317049,24.0,5.824785233,sita_sings_the_blues_720p24-Scene-1151,3.0,2.0
60.17530296,1280,720,111.1781399,104.0153762,24.0,7.096325397,sita_sings_the_blues_720p24-Scene-1060,13.0,12.0
449.86706,1920,1080,96.8863558523584,115.63639539773094,30.0,7.246826,rush_field_cuts_1080p-Scene-005,16.0,64.0
63.26056643,1280,720,97.27245579,104.5151007,24.0,4.479247093,sita_sings_the_blues_720p24-Scene-0529,4.0,5.0
3.822741506,1280,720,93.84781173,18.29216994,24.0,6.806540012,sita_sings_the_blues_720p24-Scene-0456,2.0,2.0
32.453225411764706,1280,720,56.213268978246944,101.1096155320215,24.0,6.3529315,sita_sings_the_blues_720p24-Scene-0025,2.0,2.0
96.64017230769232,1280,720,62.45871684629226,122.60319369086432,24.0,7.160821437835693,elephants_dream_720p24-Scene-122,9.0,5.0
57.29334017,1280,720,96.67118322,108.0818111,24.0,6.08711338,sita_sings_the_blues_720p24-Scene-0675,5.0,14.0
24.8263808,1280,720,98.98629142,86.0381344,24.0,4.352501392,sita_sings_the_blues_720p24-Scene-0524,5.0,3.0
39.45307631785995,1280,720,115.41275176937104,84.9353381045622,24.0,3.9732351,sita_sings_the_blues_720p24-Scene-0023,3.0,3.0
272.63467733333334,1920,1080,24.526191540610924,124.36644286933031,30.0,6.6993117,aspen_1080p-Scene-002,6.0,14.0
3.332314353,1280,720,99.01470103,89.61435561,24.0,5.987093925,sita_sings_the_blues_720p24-Scene-1258,1.0,1.0
86.54519016196761,1920,1080,55.56851103376851,102.8321227427793,30.0,7.1659923,life_1080p30-Scene-004,10.0,6.0
12.63616644,1280,720,81.2387667,66.61162234,24.0,5.382901192,sita_sings_the_blues_720p24-Scene-1199,4.0,4.0
19.05089453,1280,720,125.0697442,83.56977639,24.0,3.09386158,sita_sings_the_blues_720p24-Scene-0847,3.0,4.0
134.0354,1280,720,91.04451827,105.751042,24.0,7.265276432,sita_sings_the_blues_720p24-Scene-0379,6.0,5.0
24.867556,1280,720,100.6432349,105.1364499,24.0,7.018932343,sita_sings_the_blues_720p24-Scene-0489,4.0,3.0
41.12558038,1280,720,122.5982561,125.2620757,24.0,5.978960514,sita_sings_the_blues_720p24-Scene-1128,4.0,3.0
71.7830673,1280,720,125.7592196,102.9623906,24.0,6.984779835,sita_sings_the_blues_720p24-Scene-0961,15.0,14.0
17.09859965,1280,720,188.0307641,112.1710424,24.0,6.597137928,sita_sings_the_blues_720p24-Scene-0287,3.0,3.0
19.66922705,1280,720,111.0565338,120.7627552,24.0,4.202275276,sita_sings_the_blues_720p24-Scene-1130,2.0,3.0
31.98430609597925,1280,720,114.98073124133424,78.07477304753374,24.0,3.624705,sita_sings_the_blues_720p24-Scene-0015,3.0,2.0
58.69220430769231,1280,720,42.9494009007383,106.41342341741095,24.0,7.2178774,big_buck_bunny_720p24-Scene-032,64.0,54.0
32.60169863013699,1280,720,98.0486365322112,115.2062394523059,24.0,2.7777026,sita_sings_the_blues_720p24-Scene-0087,3.0,3.0
25.46509333,1280,720,118.3464346,89.87963216,24.0,5.053539753,sita_sings_the_blues_720p24-Scene-0255,8.0,6.0
54.89206849315068,1280,720,106.62610466950429,108.00489209252146,24.0,3.6629124,sita_sings_the_blues_720p24-Scene-0086,3.0,13.0
22.86232997,1280,720,96.83327546,81.72534527,24.0,5.296040058,sita_sings_the_blues_720p24-Scene-0423,5.0,5.0
6.600477459,1280,720,58.92875653,0.0,24.0,5.755206108,sita_sings_the_blues_720p24-Scene-0314,2.0,3.0
39.6097362,1280,720,84.50535543,112.1426881,24.0,6.483264923,sita_sings_the_blues_720p24-Scene-1041,8.0,9.0
16.8667264,1280,720,61.21425627,100.4757243,24.0,3.64633584,sita_sings_the_blues_720p24-Scene-1252,3.0,6.0
20.30929779,1280,720,84.93723957,49.76470391,24.0,4.771353722,sita_sings_the_blues_720p24-Scene-1157,2.0,8.0
133.080172,1280,720,87.04750744,108.9970959,24.0,7.232356071,sita_sings_the_blues_720p24-Scene-0376,6.0,6.0
27.70074726,1280,720,155.5505323,110.8054551,24.0,2.794629574,sita_sings_the_blues_720p24-Scene-0858,2.0,3.0
430.57996,1920,1080,70.53528972008897,108.73575962294387,30.0,7.2203717,rush_field_cuts_1080p-Scene-003,14.0,12.0
2.467888988,1280,720,83.35868716,8.761217456,24.0,6.856630802,sita_sings_the_blues_720p24-Scene-0218,1.0,1.0
49.91144361,1280,720,117.1089711,93.80666629,24.0,6.919690609,sita_sings_the_blues_720p24-Scene-0627,8.0,3.0
166.96139726027397,1280,720,93.72241262165728,103.9686972372111,24.0,7.1558213,sita_sings_the_blues_720p24-Scene-0075,13.0,8.0
35.43135357,1280,720,119.1324879,114.517459,24.0,6.567758083,sita_sings_the_blues_720p24-Scene-0487,4.0,4.0
42.524893452899605,1280,720,25.336418732338107,107.07451066056365,24.0,7.236454010009766,elephants_dream_720p24-Scene-009,2.0,24.0
28.1019904,1280,720,139.2916348,76.34789515,24.0,6.226676464,sita_sings_the_blues_720p24-Scene-0632,4.0,8.0
239.6661584,1280,720,87.77684492296474,124.78430024473344,60.0,7.3130145,KristenAndSara_1280x720_60-Scene-001,3.0,13.0
1.554980927,1280,720,61.7350579,0.0,24.0,4.966374874,sita_sings_the_blues_720p24-Scene-1264,1.0,1.0
15.59211671,1280,720,103.6761715,81.00623953,24.0,5.940297604,sita_sings_the_blues_720p24-Scene-0231,2.0,4.0
83.20160643,1280,720,78.37727039,119.049835,24.0,6.536765099,sita_sings_the_blues_720p24-Scene-1235,7.0,35.0
39.24689773,1280,720,102.2180183,91.9252858,24.0,3.652795315,sita_sings_the_blues_720p24-Scene-0932,11.0,10.0
103.4161192,1280,720,118.2095758,122.5099564,24.0,6.866004467,sita_sings_the_blues_720p24-Scene-0416,7.0,10.0
10.33829918,1280,720,110.4332261,91.00267242,24.0,5.207665443,sita_sings_the_blues_720p24-Scene-1211,3.0,2.0
54.02448344,1280,720,92.47717353,103.30703,24.0,4.220466614,sita_sings_the_blues_720p24-Scene-0528,4.0,13.0
154.6513981,1280,720,106.1226166,99.38811084,24.0,7.255348206,sita_sings_the_blues_720p24-Scene-1094,7.0,7.0
62.01237372,1280,720,47.4540316,118.7538271,24.0,5.319416523,sita_sings_the_blues_720p24-Scene-1078,15.0,14.0
7.332251077,1280,720,86.29742371,63.97841749,24.0,1.924092054,sita_sings_the_blues_720p24-Scene-1209,2.0,2.0
53.02737116,1280,720,113.3893084,121.2200405,24.0,6.037944794,sita_sings_the_blues_720p24-Scene-0543,6.0,5.0
33.65099523,1280,720,91.61395788,82.1209198,24.0,3.792888403,sita_sings_the_blues_720p24-Scene-0348,2.0,2.0
10.931792,1280,720,159.7462702,65.39238079,24.0,6.423902035,sita_sings_the_blues_720p24-Scene-0564,3.0,3.0
67.39480216,1280,720,118.7461485,91.08173949,24.0,5.340628624,sita_sings_the_blues_720p24-Scene-0284,8.0,4.0
47.07412978,1280,720,95.23655908,100.8443979,24.0,6.066372395,sita_sings_the_blues_720p24-Scene-0248,4.0,3.0
65.99519657,1280,720,75.57175143,105.0984525,24.0,6.518986225,sita_sings_the_blues_720p24-Scene-0672,5.0,5.0
83.61669502,1280,720,118.1387581,105.7271457,24.0,6.313086033,sita_sings_the_blues_720p24-Scene-0356,6.0,5.0
289.75827909625974,1920,1080,83.04886801228879,117.90845042399044,60.0,5.9185095,DOTA2-Scene-005,6.0,15.0
73.4913024,1280,720,47.53289410283186,120.47151340218736,24.0,7.034741401672363,elephants_dream_720p24-Scene-050,5.0,3.0
1.4491264,1280,720,73.8697911,27.37708184,24.0,5.191135883,sita_sings_the_blues_720p24-Scene-1292,1.0,1.0
121.45040795337675,1280,720,78.48593466774045,112.2075196721221,24.0,7.006323,big_buck_bunny_720p24-Scene-113,64.0,3.0
22.09906649,1280,720,87.27070333,89.17965512,24.0,5.856529713,sita_sings_the_blues_720p24-Scene-0704,6.0,2.0
136.1338104,1280,720,103.0512169,107.7004147,24.0,7.218956947,sita_sings_the_blues_720p24-Scene-0381,7.0,6.0
39.09924258289703,1280,720,49.451882089659,124.77233717364996,24.0,4.3925757,sintel_trailer_2k_720p24-Scene-005,2.0,9.0
12.29436224,1280,720,207.0025531,87.50129894,24.0,1.534743309,sita_sings_the_blues_720p24-Scene-1315,2.0,3.0
44.11439695238095,1280,720,36.8099001922079,120.68727264566654,24.0,5.664682,big_buck_bunny_720p24-Scene-099,19.0,2.0
31.77559991,1280,720,138.3927196,91.11837778,24.0,4.193382263,sita_sings_the_blues_720p24-Scene-0732,6.0,9.0
